gender,race/ethnicity,parental level of education,lunch,test preparation course,math score,reading score,writing score,Student_Name,Name_Meaning
female,group B,bachelor's degree,standard,none,72,72,74,Jude,"Generosity, goodness"
female,group C,some college,standard,completed,69,90,88,Hafsa,"Cub, young lioness"
female,group B,master's degree,standard,none,90,95,93,Sarah,"Princess, bringer of joy"
male,group A,associate's degree,free/reduced,none,47,57,44,Ibrahim,"Father of many nations, Prophet Abraham"
male,group C,some college,standard,none,76,78,75,Aziz,"Powerful, respected, beloved"
female,group B,associate's degree,standard,none,71,83,78,Jude,"Generosity, goodness"
female,group B,some college,standard,completed,88,95,92,Maya,"Princess, water"
male,group B,some college,free/reduced,none,40,43,39,Yunus,"Jonah, dove"
male,group D,high school,free/reduced,completed,64,64,67,Nasir,"Helper, protector"
female,group B,high school,free/reduced,none,38,60,50,Alia,"Highest social standing, exalted"
male,group C,associate's degree,standard,none,58,54,52,Ibrahim,"Father of many nations, Prophet Abraham"
male,group D,associate's degree,standard,none,40,52,43,Kamil,"Perfect, complete"
female,group B,high school,standard,none,65,81,73,Fatima,"Captivating, daughter of the Prophet"
male,group A,some college,standard,completed,78,72,70,Habib,"Beloved, dear friend"
female,group A,master's degree,standard,none,50,53,58,Lina,"Tender, palm tree"
female,group C,some high school,standard,none,69,75,78,Huda,Right guidance
male,group C,high school,standard,none,88,89,86,Yunus,"Jonah, dove"
female,group B,some high school,free/reduced,none,18,32,28,Sana,"Radiance, brilliance, mountaintop"
male,group C,master's degree,free/reduced,completed,46,42,46,Omar,"Long-lived, flourishing"
female,group C,associate's degree,free/reduced,none,54,58,61,Alia,"Highest social standing, exalted"
male,group D,high school,standard,none,66,69,63,Isa,"Jesus, God is salvation"
female,group B,some college,free/reduced,completed,65,75,70,Sana,"Radiance, brilliance, mountaintop"
male,group D,some college,standard,none,44,54,53,Farhan,"Happy, glad"
female,group C,some high school,standard,none,69,73,73,Sarah,"Princess, bringer of joy"
male,group D,bachelor's degree,free/reduced,completed,74,71,80,Jamil,"Beautiful, radiant"
male,group A,master's degree,free/reduced,none,73,74,72,Jafar,"Stream, rivulet"
male,group B,some college,standard,none,69,54,55,Faiz,"Victorious, successful"
female,group C,bachelor's degree,standard,none,67,69,75,Amara,"Eternal beauty, urgent news"
male,group C,high school,standard,none,70,70,65,Anas,"Friendliness, affection"
female,group D,master's degree,standard,none,62,70,75,Sofia,"Wisdom, beautiful"
female,group D,some college,standard,none,69,74,74,Lina,"Tender, palm tree"
female,group B,some college,standard,none,63,65,61,Alia,"Highest social standing, exalted"
female,group E,master's degree,free/reduced,none,56,72,65,Nora,"Light, illumination"
male,group D,some college,standard,none,40,42,38,Jude,"Generosity, goodness"
male,group E,some college,standard,none,97,87,82,Anas,"Friendliness, affection"
male,group E,associate's degree,standard,completed,81,81,79,Sajid,One who prostrates in worship
female,group D,associate's degree,standard,none,74,81,83,Anisa,"Friendly, good companion"
female,group D,some high school,free/reduced,none,50,64,59,Asma,"High, exalted, lofty"
female,group D,associate's degree,free/reduced,completed,75,90,88,Dalal,"Coquettishness, pampered"
male,group B,associate's degree,free/reduced,none,57,56,57,Youssef,"Joseph, God increases in honor"
male,group C,associate's degree,free/reduced,none,55,61,54,Tariq,"Morning star, night visitor"
female,group C,associate's degree,standard,none,58,73,68,Rida,"Contentment, favored by God"
female,group B,associate's degree,standard,none,53,58,65,Sarah,"Princess, bringer of joy"
male,group B,some college,free/reduced,completed,59,65,66,Sami,"Hearing, elevated, sublime"
female,group E,associate's degree,free/reduced,none,50,56,54,Ayla,"Moonlight, halo"
male,group B,associate's degree,standard,none,65,54,57,Ayan,"Gift of God, time, epoch"
female,group A,associate's degree,standard,completed,55,65,62,Fatima,"Captivating, daughter of the Prophet"
female,group C,high school,standard,none,66,71,76,Maya,"Princess, water"
female,group D,associate's degree,free/reduced,completed,57,74,76,Safiya,"Pure, untroubled, chosen friend"
male,group C,high school,standard,completed,82,84,82,Suhail,"Gentle, easy-going, Canopus star"
male,group E,some college,standard,none,53,55,48,Zain,"Beauty, grace"
male,group E,associate's degree,free/reduced,completed,77,69,68,Luqman,"Wise, a prophet/sage in the Quran"
male,group C,some college,standard,none,53,44,42,Jafar,"Stream, rivulet"
male,group D,high school,standard,none,88,78,75,Habib,"Beloved, dear friend"
female,group C,some high school,free/reduced,completed,71,84,87,Nora,"Light, illumination"
female,group C,high school,free/reduced,none,33,41,43,Hala,"Aura, halo around the moon"
female,group E,associate's degree,standard,completed,82,85,86,Jude,"Generosity, goodness"
male,group D,associate's degree,standard,none,52,55,49,Anas,"Friendliness, affection"
male,group D,some college,standard,completed,58,59,58,Arif,"Knowing, knowledgeable"
female,group C,some high school,free/reduced,none,0,17,10,Huda,Right guidance
male,group E,bachelor's degree,free/reduced,completed,79,74,72,Mustafa,The chosen one
male,group A,some high school,free/reduced,none,39,39,34,Jafar,"Stream, rivulet"
male,group A,associate's degree,free/reduced,none,62,61,55,Habib,"Beloved, dear friend"
female,group C,associate's degree,standard,none,69,80,71,Ayla,"Moonlight, halo"
female,group D,some high school,standard,none,59,58,59,Jude,"Generosity, goodness"
male,group B,some high school,standard,none,67,64,61,Hassan,"Beautiful, handsome, doer of good"
male,group D,some high school,free/reduced,none,45,37,37,Mikael,Angel of mercy and rain
female,group C,some college,standard,none,60,72,74,Dalal,"Coquettishness, pampered"
male,group B,associate's degree,free/reduced,none,61,58,56,Aziz,"Powerful, respected, beloved"
female,group C,associate's degree,standard,none,39,64,57,Huda,Right guidance
female,group D,some college,free/reduced,completed,58,63,73,Amani,"Wishes, aspirations"
male,group D,some college,standard,completed,63,55,63,Bilal,"Moisture, the Prophet's first muezzin"
female,group A,associate's degree,free/reduced,none,41,51,48,Mariam,"Mary, pious, beloved"
male,group C,some high school,free/reduced,none,61,57,56,Selim,"Safe, secure, flawless"
male,group C,some high school,standard,none,49,49,41,Hadi,"Guide, leader"
male,group B,associate's degree,free/reduced,none,44,41,38,Hadi,"Guide, leader"
male,group E,some high school,standard,none,30,26,22,Jude,"Generosity, goodness"
male,group A,bachelor's degree,standard,completed,80,78,81,Shadi,"Singer, seeker of knowledge"
female,group D,some high school,standard,completed,61,74,72,Mariam,"Mary, pious, beloved"
female,group E,master's degree,standard,none,62,68,68,Leen,"Softness, tenderness"
female,group B,associate's degree,standard,none,47,49,50,Amina,"Trustworthy, peaceful"
male,group B,high school,free/reduced,none,49,45,45,Khalid,"Eternal, immortal"
male,group A,some college,free/reduced,completed,50,47,54,Amir,"Prince, commander"
male,group E,associate's degree,standard,none,72,64,63,Anas,"Friendliness, affection"
male,group D,high school,free/reduced,none,42,39,34,Hamza,"Strong, steadfast, lion"
female,group C,some college,standard,none,73,80,82,Amani,"Wishes, aspirations"
female,group C,some college,free/reduced,none,76,83,88,Maha,"Wild cow, rare jewel"
female,group D,associate's degree,standard,none,71,71,74,Farah,"Joy, cheerfulness"
female,group A,some college,standard,none,58,70,67,Naila,"Acquirer, achiever"
female,group D,some high school,standard,none,73,86,82,Maha,"Wild cow, rare jewel"
female,group C,bachelor's degree,standard,none,65,72,74,Hafsa,"Cub, young lioness"
male,group C,high school,free/reduced,none,27,34,36,Mustafa,The chosen one
male,group C,high school,standard,none,71,79,71,Arif,"Knowing, knowledgeable"
male,group C,associate's degree,free/reduced,completed,43,45,50,Jude,"Generosity, goodness"
female,group B,some college,standard,none,79,86,92,Yasmin,Jasmine flower
male,group C,associate's degree,free/reduced,completed,78,81,82,Nael,"Achiever, winner"
male,group B,some high school,standard,completed,65,66,62,Anas,"Friendliness, affection"
female,group E,some college,standard,completed,63,72,70,Safa,"Purity, clarity"
female,group D,some college,free/reduced,none,58,67,62,Dalal,"Coquettishness, pampered"
female,group D,bachelor's degree,standard,none,65,67,62,Rania,"Queen, gazing intently"
male,group B,some college,standard,none,79,67,67,Karim,"Generous, noble"
male,group D,bachelor's degree,standard,completed,68,74,74,Aziz,"Powerful, respected, beloved"
female,group D,associate's degree,standard,none,85,91,89,Huda,Right guidance
male,group B,high school,standard,completed,60,44,47,Mustafa,The chosen one
male,group C,some college,standard,completed,98,86,90,Yunus,"Jonah, dove"
female,group C,some college,standard,none,58,67,72,Salma,"Safe, peaceful"
female,group D,master's degree,standard,none,87,100,100,Amara,"Eternal beauty, urgent news"
male,group E,associate's degree,standard,completed,66,63,64,Isa,"Jesus, God is salvation"
female,group B,associate's degree,free/reduced,none,52,76,70,Tasnim,Fountain in paradise
female,group B,some high school,standard,none,70,64,72,Inaya,"Concern, care, protection from God"
female,group D,associate's degree,free/reduced,completed,77,89,98,Sarah,"Princess, bringer of joy"
male,group C,high school,standard,none,62,55,49,Ayan,"Gift of God, time, epoch"
male,group A,associate's degree,standard,none,54,53,47,Rami,"Archer, marksman"
female,group D,some college,standard,none,51,58,54,Farah,"Joy, cheerfulness"
female,group E,bachelor's degree,standard,completed,99,100,100,Amani,"Wishes, aspirations"
male,group C,high school,standard,none,84,77,74,Karim,"Generous, noble"
female,group B,bachelor's degree,free/reduced,none,75,85,82,Karima,"Generous, noble"
female,group D,bachelor's degree,standard,none,78,82,79,Maha,"Wild cow, rare jewel"
female,group D,some high school,standard,none,51,63,61,Tasnim,Fountain in paradise
female,group C,some college,standard,none,55,69,65,Salma,"Safe, peaceful"
female,group C,bachelor's degree,standard,completed,79,92,89,Layla,"Night, dark beauty"
male,group B,associate's degree,standard,completed,91,89,92,Habib,"Beloved, dear friend"
female,group C,some college,standard,completed,88,93,93,Sarah,"Princess, bringer of joy"
male,group D,high school,free/reduced,none,63,57,56,Rayan,"Luxuriant, gate of heaven"
male,group E,some college,standard,none,83,80,73,Faris,"Knight, horseman"
female,group B,high school,standard,none,87,95,86,Rida,"Contentment, favored by God"
male,group B,some high school,standard,none,72,68,67,Rami,"Archer, marksman"
male,group D,some college,standard,completed,65,77,74,Jafar,"Stream, rivulet"
male,group D,master's degree,standard,none,82,82,74,Nael,"Achiever, winner"
female,group A,bachelor's degree,standard,none,51,49,51,Dalal,"Coquettishness, pampered"
male,group D,master's degree,standard,none,89,84,82,Habib,"Beloved, dear friend"
male,group C,some high school,free/reduced,completed,53,37,40,Nasir,"Helper, protector"
male,group E,some college,free/reduced,completed,87,74,70,Rayan,"Luxuriant, gate of heaven"
female,group C,some college,standard,completed,75,81,84,Karima,"Generous, noble"
male,group D,bachelor's degree,free/reduced,completed,74,79,75,Faiz,"Victorious, successful"
male,group C,bachelor's degree,standard,none,58,55,48,Ehsan,"Excellence, kindness"
male,group B,some high school,standard,completed,51,54,41,Jamil,"Beautiful, radiant"
male,group E,high school,standard,none,70,55,56,Faiz,"Victorious, successful"
female,group C,associate's degree,standard,none,59,66,67,Amira,"Princess, leader"
male,group D,some college,standard,completed,71,61,69,Luqman,"Wise, a prophet/sage in the Quran"
female,group D,some high school,standard,none,76,72,71,Aya,"Sign, miracle, verse from the Quran"
female,group C,some college,free/reduced,none,59,62,64,Hafsa,"Cub, young lioness"
female,group E,some college,free/reduced,completed,42,55,54,Naila,"Acquirer, achiever"
male,group A,high school,standard,none,57,43,47,Nasir,"Helper, protector"
male,group D,some college,standard,none,88,73,78,Omar,"Long-lived, flourishing"
female,group C,some college,free/reduced,none,22,39,33,Jude,"Generosity, goodness"
male,group B,some high school,standard,none,88,84,75,Sajid,One who prostrates in worship
male,group C,associate's degree,free/reduced,none,73,68,66,Jafar,"Stream, rivulet"
female,group D,bachelor's degree,standard,completed,68,75,81,Hafsa,"Cub, young lioness"
male,group E,associate's degree,free/reduced,completed,100,100,93,Nasir,"Helper, protector"
male,group A,some high school,standard,completed,62,67,69,Nael,"Achiever, winner"
male,group A,bachelor's degree,standard,none,77,67,68,Nael,"Achiever, winner"
female,group B,associate's degree,standard,completed,59,70,66,Lina,"Tender, palm tree"
male,group D,bachelor's degree,standard,none,54,49,47,Rida,"Contentment, favored by God"
male,group D,some high school,standard,none,62,67,61,Rida,"Contentment, favored by God"
female,group C,some college,standard,completed,70,89,88,Samira,Entertaining companion
female,group E,high school,free/reduced,completed,66,74,78,Sofia,"Wisdom, beautiful"
male,group B,some college,free/reduced,none,60,60,60,Ibrahim,"Father of many nations, Prophet Abraham"
female,group B,associate's degree,standard,completed,61,86,87,Nour,Divine light
male,group D,associate's degree,free/reduced,none,66,62,64,Omar,"Long-lived, flourishing"
male,group B,associate's degree,free/reduced,completed,82,78,74,Amin,"Trustworthy, faithful"
female,group E,some college,free/reduced,completed,75,88,85,Lina,"Tender, palm tree"
male,group B,master's degree,free/reduced,none,49,53,52,Habib,"Beloved, dear friend"
male,group C,high school,standard,none,52,53,49,Mikael,Angel of mercy and rain
female,group E,master's degree,standard,none,81,92,91,Hana,"Happiness, bliss"
female,group C,bachelor's degree,standard,completed,96,100,100,Huda,Right guidance
male,group C,high school,free/reduced,completed,53,51,51,Haroon,"Aaron, high mountain, protector"
female,group B,master's degree,free/reduced,completed,58,76,78,Nora,"Light, illumination"
female,group B,high school,standard,completed,68,83,78,Basma,A smile
female,group C,some college,free/reduced,completed,67,75,70,Leen,"Softness, tenderness"
male,group A,high school,standard,completed,72,73,74,Rayan,"Luxuriant, gate of heaven"
male,group E,some high school,standard,none,94,88,78,Ehsan,"Excellence, kindness"
female,group D,some college,standard,none,79,86,81,Mariam,"Mary, pious, beloved"
female,group C,associate's degree,standard,none,63,67,70,Mariam,"Mary, pious, beloved"
female,group C,bachelor's degree,free/reduced,completed,43,51,54,Dalal,"Coquettishness, pampered"
female,group C,master's degree,standard,completed,81,91,87,Amani,"Wishes, aspirations"
female,group B,high school,free/reduced,completed,46,54,58,Rida,"Contentment, favored by God"
female,group C,associate's degree,standard,completed,71,77,77,Karima,"Generous, noble"
female,group B,master's degree,free/reduced,completed,52,70,62,Amal,"Hope, aspiration"
female,group D,some high school,standard,completed,97,100,100,Nour,Divine light
male,group C,master's degree,free/reduced,completed,62,68,75,Idris,"Studious, Prophet Enoch"
female,group C,some college,free/reduced,none,46,64,66,Amina,"Trustworthy, peaceful"
female,group E,high school,standard,none,50,50,47,Amara,"Eternal beauty, urgent news"
female,group D,associate's degree,standard,none,65,69,70,Amani,"Wishes, aspirations"
male,group C,some high school,free/reduced,completed,45,52,49,Hamza,"Strong, steadfast, lion"
male,group C,associate's degree,free/reduced,completed,65,67,65,Isa,"Jesus, God is salvation"
male,group E,high school,standard,none,80,76,65,Amin,"Trustworthy, faithful"
male,group D,some high school,standard,completed,62,66,68,Amin,"Trustworthy, faithful"
male,group B,some high school,free/reduced,none,48,52,45,Habib,"Beloved, dear friend"
female,group C,bachelor's degree,standard,none,77,88,87,Nora,"Light, illumination"
female,group E,associate's degree,standard,none,66,65,69,Inaya,"Concern, care, protection from God"
male,group D,some college,standard,completed,76,83,79,Rida,"Contentment, favored by God"
female,group B,some high school,standard,none,62,64,66,Huda,Right guidance
male,group D,some college,standard,completed,77,62,62,Selim,"Safe, secure, flawless"
female,group C,master's degree,standard,completed,69,84,85,Nora,"Light, illumination"
male,group D,associate's degree,standard,none,61,55,52,Amin,"Trustworthy, faithful"
male,group C,some high school,free/reduced,completed,59,69,65,Zayd,"Growth, abundance"
male,group E,high school,free/reduced,none,55,56,51,Ehsan,"Excellence, kindness"
female,group B,some college,free/reduced,none,45,53,55,Amara,"Eternal beauty, urgent news"
female,group B,bachelor's degree,free/reduced,none,78,79,76,Layla,"Night, dark beauty"
female,group C,associate's degree,standard,completed,67,84,86,Ayah,"Evidence, sign"
female,group D,some college,free/reduced,none,65,81,77,Huda,Right guidance
male,group C,associate's degree,standard,none,69,77,69,Danyal,"Known, famous, intellectually sharp"
female,group B,associate's degree,standard,none,57,69,68,Hadiya,"Guide to righteousness, gift"
male,group C,some college,standard,none,59,41,42,Amal,"Hope, aspiration"
male,group D,some high school,standard,completed,74,71,78,Amal,"Hope, aspiration"
male,group E,bachelor's degree,standard,none,82,62,62,Nour,Divine light
male,group E,high school,standard,completed,81,80,76,Omar,"Long-lived, flourishing"
female,group B,some college,free/reduced,none,74,81,76,Ayah,"Evidence, sign"
female,group B,some college,free/reduced,none,58,61,66,Khadija,"Trustworthy, first wife of the Prophet"
male,group D,some high school,free/reduced,completed,80,79,79,Farhan,"Happy, glad"
male,group C,some college,free/reduced,none,35,28,27,Khalid,"Eternal, immortal"
female,group C,high school,free/reduced,none,42,62,60,Hadiya,"Guide to righteousness, gift"
male,group C,associate's degree,free/reduced,completed,60,51,56,Shadi,"Singer, seeker of knowledge"
male,group E,high school,standard,completed,87,91,81,Karim,"Generous, noble"
male,group B,some high school,standard,completed,84,83,75,Rayan,"Luxuriant, gate of heaven"
female,group E,associate's degree,free/reduced,completed,83,86,88,Maha,"Wild cow, rare jewel"
female,group C,high school,free/reduced,none,34,42,39,Sana,"Radiance, brilliance, mountaintop"
male,group B,high school,free/reduced,none,66,77,70,Arif,"Knowing, knowledgeable"
male,group B,some high school,standard,completed,61,56,56,Luqman,"Wise, a prophet/sage in the Quran"
female,group D,high school,standard,completed,56,68,74,Reem,White gazelle
male,group B,associate's degree,standard,none,87,85,73,Amal,"Hope, aspiration"
female,group C,some high school,free/reduced,none,55,65,62,Anisa,"Friendly, good companion"
male,group D,some high school,standard,none,86,80,75,Ali,"High, exalted"
female,group B,associate's degree,standard,completed,52,66,73,Daniya,"Kind-hearted, close, near"
female,group E,master's degree,free/reduced,none,45,56,54,Dalal,"Coquettishness, pampered"
female,group C,some college,standard,none,72,72,71,Jude,"Generosity, goodness"
male,group D,high school,standard,none,57,50,54,Ayan,"Gift of God, time, epoch"
male,group A,some high school,free/reduced,none,68,72,64,Rida,"Contentment, favored by God"
female,group C,some college,standard,completed,88,95,94,Amani,"Wishes, aspirations"
male,group D,some college,standard,none,76,64,66,Ibrahim,"Father of many nations, Prophet Abraham"
male,group C,associate's degree,standard,none,46,43,42,Jamil,"Beautiful, radiant"
female,group B,bachelor's degree,standard,none,67,86,83,Ayla,"Moonlight, halo"
male,group E,some high school,standard,none,92,87,78,Sajid,One who prostrates in worship
male,group C,bachelor's degree,standard,completed,83,82,84,Habib,"Beloved, dear friend"
male,group D,associate's degree,standard,none,80,75,77,Habib,"Beloved, dear friend"
male,group D,bachelor's degree,free/reduced,none,63,66,67,Anas,"Friendliness, affection"
female,group D,some high school,standard,completed,64,60,74,Nora,"Light, illumination"
male,group B,some college,standard,none,54,52,51,Tariq,"Morning star, night visitor"
male,group C,associate's degree,standard,none,84,80,80,Nasir,"Helper, protector"
male,group D,high school,free/reduced,completed,73,68,66,Zayd,"Growth, abundance"
female,group E,bachelor's degree,standard,none,80,83,83,Amani,"Wishes, aspirations"
female,group D,high school,standard,none,56,52,55,Farah,"Joy, cheerfulness"
male,group E,some college,standard,none,59,51,43,Bilal,"Moisture, the Prophet's first muezzin"
male,group D,some high school,standard,none,75,74,69,Bilal,"Moisture, the Prophet's first muezzin"
male,group C,associate's degree,standard,none,85,76,71,Yunus,"Jonah, dove"
male,group E,associate's degree,standard,none,89,76,74,Yunus,"Jonah, dove"
female,group B,high school,standard,completed,58,70,68,Amal,"Hope, aspiration"
female,group B,high school,standard,none,65,64,62,Aisha,"Alive, prosperous"
male,group C,high school,standard,none,68,60,53,Luqman,"Wise, a prophet/sage in the Quran"
male,group A,some high school,standard,completed,47,49,49,Yunus,"Jonah, dove"
female,group D,some college,free/reduced,none,71,83,83,Sofia,"Wisdom, beautiful"
female,group B,some high school,standard,completed,60,70,70,Jannah,"Heaven, paradise"
male,group D,master's degree,standard,none,80,80,72,Jude,"Generosity, goodness"
male,group D,high school,standard,none,54,52,52,Faiz,"Victorious, successful"
female,group E,some college,standard,none,62,73,70,Nour,Divine light
female,group C,associate's degree,free/reduced,none,64,73,68,Naila,"Acquirer, achiever"
male,group C,associate's degree,standard,completed,78,77,77,Danyal,"Known, famous, intellectually sharp"
female,group B,some college,standard,none,70,75,78,Nora,"Light, illumination"
female,group C,master's degree,free/reduced,completed,65,81,81,Nadia,"Hope, delicate"
female,group C,some high school,free/reduced,completed,64,79,77,Leen,"Softness, tenderness"
male,group C,some college,standard,completed,79,79,78,Ali,"High, exalted"
female,group C,some high school,free/reduced,none,44,50,51,Tasnim,Fountain in paradise
female,group E,high school,standard,none,99,93,90,Safiya,"Pure, untroubled, chosen friend"
male,group D,high school,standard,none,76,73,68,Faiz,"Victorious, successful"
male,group D,some high school,free/reduced,none,59,42,41,Rayan,"Luxuriant, gate of heaven"
female,group C,bachelor's degree,standard,none,63,75,81,Leen,"Softness, tenderness"
female,group D,high school,standard,none,69,72,77,Inaya,"Concern, care, protection from God"
female,group D,associate's degree,standard,completed,88,92,95,Amira,"Princess, leader"
female,group E,some college,free/reduced,none,71,76,70,Jannah,"Heaven, paradise"
male,group C,bachelor's degree,standard,none,69,63,61,Jamil,"Beautiful, radiant"
male,group C,some college,standard,none,58,49,42,Yunus,"Jonah, dove"
female,group D,associate's degree,free/reduced,none,47,53,58,Layla,"Night, dark beauty"
female,group D,some college,standard,none,65,70,71,Samira,Entertaining companion
male,group B,some college,standard,completed,88,85,76,Shadi,"Singer, seeker of knowledge"
male,group C,bachelor's degree,standard,none,83,78,73,Yunus,"Jonah, dove"
female,group C,some high school,standard,completed,85,92,93,Zara,"Radiance, blooming flower"
female,group E,high school,standard,completed,59,63,75,Jamila,"Beautiful, elegant"
female,group C,some high school,free/reduced,none,65,86,80,Reem,White gazelle
male,group B,bachelor's degree,free/reduced,none,73,56,57,Mustafa,The chosen one
male,group D,high school,standard,none,53,52,42,Ali,"High, exalted"
male,group D,high school,standard,none,45,48,46,Yunus,"Jonah, dove"
female,group D,bachelor's degree,free/reduced,none,73,79,84,Karima,"Generous, noble"
female,group D,some college,free/reduced,completed,70,78,78,Safiya,"Pure, untroubled, chosen friend"
female,group B,some high school,standard,none,37,46,46,Khadija,"Trustworthy, first wife of the Prophet"
male,group B,associate's degree,standard,completed,81,82,82,Youssef,"Joseph, God increases in honor"
male,group E,associate's degree,standard,completed,97,82,88,Jude,"Generosity, goodness"
female,group B,some high school,standard,none,67,89,82,Ayah,"Evidence, sign"
male,group B,bachelor's degree,free/reduced,none,88,75,76,Rami,"Archer, marksman"
male,group E,some high school,standard,completed,77,76,77,Amin,"Trustworthy, faithful"
male,group C,associate's degree,standard,none,76,70,68,Hassan,"Beautiful, handsome, doer of good"
male,group D,some high school,standard,none,86,73,70,Nour,Divine light
male,group C,some high school,standard,completed,63,60,57,Farhan,"Happy, glad"
female,group E,bachelor's degree,standard,none,65,73,75,Jannah,"Heaven, paradise"
male,group D,high school,free/reduced,completed,78,77,80,Shadi,"Singer, seeker of knowledge"
male,group B,associate's degree,free/reduced,none,67,62,60,Malik,"King, master"
male,group A,some high school,standard,completed,46,41,43,Bilal,"Moisture, the Prophet's first muezzin"
male,group E,associate's degree,standard,completed,71,74,68,Farhan,"Happy, glad"
male,group C,high school,free/reduced,completed,40,46,50,Amir,"Prince, commander"
male,group D,associate's degree,free/reduced,none,90,87,75,Rida,"Contentment, favored by God"
male,group A,some college,free/reduced,completed,81,78,81,Arif,"Knowing, knowledgeable"
male,group D,some high school,free/reduced,none,56,54,52,Aziz,"Powerful, respected, beloved"
female,group C,associate's degree,standard,completed,67,84,81,Nour,Divine light
male,group B,associate's degree,standard,none,80,76,64,Amir,"Prince, commander"
female,group C,associate's degree,standard,completed,74,75,83,Salma,"Safe, peaceful"
male,group A,some college,standard,none,69,67,69,Adam,"Earth, the first prophet"
male,group E,some college,standard,completed,99,87,81,Amin,"Trustworthy, faithful"
male,group C,some high school,standard,none,51,52,44,Jude,"Generosity, goodness"
female,group B,associate's degree,free/reduced,none,53,71,67,Karima,"Generous, noble"
female,group D,high school,free/reduced,none,49,57,52,Dalal,"Coquettishness, pampered"
female,group B,associate's degree,standard,none,73,76,80,Amani,"Wishes, aspirations"
male,group B,bachelor's degree,standard,none,66,60,57,Isa,"Jesus, God is salvation"
male,group D,bachelor's degree,standard,completed,67,61,68,Imran,"Prosperity, host"
female,group C,associate's degree,free/reduced,completed,68,67,69,Basma,A smile
female,group C,bachelor's degree,standard,completed,59,64,75,Amara,"Eternal beauty, urgent news"
male,group C,high school,standard,none,71,66,65,Rayan,"Luxuriant, gate of heaven"
female,group D,master's degree,standard,completed,77,82,91,Yasmin,Jasmine flower
male,group C,associate's degree,standard,none,83,72,78,Yunus,"Jonah, dove"
male,group B,bachelor's degree,standard,none,63,71,69,Nael,"Achiever, winner"
female,group D,associate's degree,free/reduced,none,56,65,63,Zara,"Radiance, blooming flower"
female,group C,high school,free/reduced,completed,67,79,84,Ayah,"Evidence, sign"
female,group E,high school,standard,none,75,86,79,Rania,"Queen, gazing intently"
female,group C,some college,standard,none,71,81,80,Anisa,"Friendly, good companion"
female,group C,some high school,free/reduced,none,43,53,53,Aisha,"Alive, prosperous"
female,group C,high school,free/reduced,none,41,46,43,Aya,"Sign, miracle, verse from the Quran"
female,group C,some college,standard,none,82,90,94,Fatima,"Captivating, daughter of the Prophet"
male,group C,some college,standard,none,61,61,62,Omar,"Long-lived, flourishing"
male,group A,some college,free/reduced,none,28,23,19,Ehsan,"Excellence, kindness"
male,group C,associate's degree,standard,completed,82,75,77,Khalid,"Eternal, immortal"
female,group B,some high school,standard,none,41,55,51,Amira,"Princess, leader"
male,group C,high school,standard,none,71,60,61,Kamil,"Perfect, complete"
male,group C,associate's degree,standard,none,47,37,35,Hamza,"Strong, steadfast, lion"
male,group E,associate's degree,standard,completed,62,56,53,Karim,"Generous, noble"
male,group B,associate's degree,standard,none,90,78,81,Haroon,"Aaron, high mountain, protector"
female,group C,bachelor's degree,standard,none,83,93,95,Hadiya,"Guide to righteousness, gift"
female,group B,some college,free/reduced,none,61,68,66,Samira,Entertaining companion
male,group D,some high school,standard,completed,76,70,69,Yunus,"Jonah, dove"
male,group C,associate's degree,standard,none,49,51,43,Jude,"Generosity, goodness"
female,group B,some high school,free/reduced,none,24,38,27,Farah,"Joy, cheerfulness"
female,group D,some high school,free/reduced,completed,35,55,60,Rania,"Queen, gazing intently"
male,group C,high school,free/reduced,none,58,61,52,Kamil,"Perfect, complete"
female,group C,high school,standard,none,61,73,63,Fatima,"Captivating, daughter of the Prophet"
female,group B,high school,standard,completed,69,76,74,Ayah,"Evidence, sign"
male,group D,associate's degree,standard,completed,67,72,67,Sami,"Hearing, elevated, sublime"
male,group D,some college,standard,none,79,73,67,Rida,"Contentment, favored by God"
female,group C,high school,standard,none,72,80,75,Huda,Right guidance
male,group B,some college,standard,none,62,61,57,Jude,"Generosity, goodness"
female,group C,bachelor's degree,standard,completed,77,94,95,Jamila,"Beautiful, elegant"
male,group D,high school,free/reduced,none,75,74,66,Youssef,"Joseph, God increases in honor"
male,group E,associate's degree,standard,none,87,74,76,Yunus,"Jonah, dove"
female,group B,bachelor's degree,standard,none,52,65,69,Nadia,"Hope, delicate"
male,group E,some college,standard,none,66,57,52,Mikael,Angel of mercy and rain
female,group C,some college,standard,completed,63,78,80,Ayah,"Evidence, sign"
female,group C,associate's degree,standard,none,46,58,57,Sofia,"Wisdom, beautiful"
female,group C,some college,standard,none,59,71,70,Samira,Entertaining companion
female,group B,bachelor's degree,standard,none,61,72,70,Mariam,"Mary, pious, beloved"
male,group A,associate's degree,standard,none,63,61,61,Rami,"Archer, marksman"
female,group C,some college,free/reduced,completed,42,66,69,Dalal,"Coquettishness, pampered"
male,group D,some college,free/reduced,none,59,62,61,Jude,"Generosity, goodness"
female,group D,some college,standard,none,80,90,89,Nour,Divine light
female,group B,high school,standard,none,58,62,59,Ayah,"Evidence, sign"
male,group B,some high school,standard,completed,85,84,78,Adam,"Earth, the first prophet"
female,group C,some college,standard,none,52,58,58,Nour,Divine light
female,group D,some high school,free/reduced,none,27,34,32,Sofia,"Wisdom, beautiful"
male,group C,some college,standard,none,59,60,58,Hassan,"Beautiful, handsome, doer of good"
male,group A,bachelor's degree,free/reduced,completed,49,58,60,Ehsan,"Excellence, kindness"
male,group C,high school,standard,completed,69,58,53,Jafar,"Stream, rivulet"
male,group C,bachelor's degree,free/reduced,none,61,66,61,Kamil,"Perfect, complete"
female,group A,some high school,free/reduced,none,44,64,58,Hana,"Happiness, bliss"
female,group D,some high school,standard,none,73,84,85,Iris,"Flower, messenger"
male,group E,some college,standard,none,84,77,71,Imran,"Prosperity, host"
female,group C,some college,free/reduced,completed,45,73,70,Ayla,"Moonlight, halo"
male,group D,some high school,standard,none,74,74,72,Ibrahim,"Father of many nations, Prophet Abraham"
female,group D,some college,standard,completed,82,97,96,Amira,"Princess, leader"
female,group D,bachelor's degree,standard,none,59,70,73,Naila,"Acquirer, achiever"
male,group E,associate's degree,free/reduced,none,46,43,41,Yunus,"Jonah, dove"
female,group D,some high school,standard,none,80,90,82,Aya,"Sign, miracle, verse from the Quran"
female,group D,master's degree,free/reduced,completed,85,95,100,Maha,"Wild cow, rare jewel"
female,group A,some high school,standard,none,71,83,77,Khadija,"Trustworthy, first wife of the Prophet"
male,group A,bachelor's degree,standard,none,66,64,62,Suhail,"Gentle, easy-going, Canopus star"
female,group B,associate's degree,standard,none,80,86,83,Rida,"Contentment, favored by God"
male,group C,associate's degree,standard,completed,87,100,95,Ibrahim,"Father of many nations, Prophet Abraham"
male,group C,master's degree,free/reduced,none,79,81,71,Anas,"Friendliness, affection"
female,group E,some high school,free/reduced,none,38,49,45,Amara,"Eternal beauty, urgent news"
female,group A,some high school,free/reduced,none,38,43,43,Huda,Right guidance
female,group E,some college,standard,none,67,76,75,Salma,"Safe, peaceful"
female,group E,bachelor's degree,standard,none,64,73,70,Daniya,"Kind-hearted, close, near"
female,group C,associate's degree,free/reduced,none,57,78,67,Mariam,"Mary, pious, beloved"
female,group D,high school,standard,none,62,64,64,Safa,"Purity, clarity"
male,group D,master's degree,standard,none,73,70,75,Zayd,"Growth, abundance"
male,group E,some high school,free/reduced,completed,73,67,59,Rayan,"Luxuriant, gate of heaven"
female,group D,some college,standard,none,77,68,77,Nadia,"Hope, delicate"
male,group E,some college,standard,none,76,67,67,Hamza,"Strong, steadfast, lion"
male,group C,associate's degree,standard,completed,57,54,56,Shadi,"Singer, seeker of knowledge"
female,group C,some high school,standard,completed,65,74,77,Rania,"Queen, gazing intently"
male,group A,high school,free/reduced,none,48,45,41,Zain,"Beauty, grace"
female,group B,high school,free/reduced,none,50,67,63,Nora,"Light, illumination"
female,group C,associate's degree,standard,none,85,89,95,Basma,A smile
male,group B,some high school,standard,none,74,63,57,Isa,"Jesus, God is salvation"
male,group D,some high school,standard,none,60,59,54,Hadi,"Guide, leader"
female,group C,some high school,standard,completed,59,54,67,Anisa,"Friendly, good companion"
male,group A,some college,standard,none,53,43,43,Khalid,"Eternal, immortal"
female,group A,some college,free/reduced,none,49,65,55,Amara,"Eternal beauty, urgent news"
female,group D,high school,standard,completed,88,99,100,Aya,"Sign, miracle, verse from the Quran"
female,group C,high school,standard,none,54,59,62,Basma,A smile
female,group C,some high school,standard,none,63,73,68,Inaya,"Concern, care, protection from God"
male,group B,associate's degree,standard,completed,65,65,63,Selim,"Safe, secure, flawless"
female,group B,associate's degree,standard,none,82,80,77,Iris,"Flower, messenger"
female,group D,high school,free/reduced,completed,52,57,56,Karima,"Generous, noble"
male,group D,associate's degree,standard,completed,87,84,85,Sami,"Hearing, elevated, sublime"
female,group D,master's degree,standard,completed,70,71,74,Maha,"Wild cow, rare jewel"
male,group E,some college,standard,completed,84,83,78,Malik,"King, master"
male,group D,associate's degree,standard,none,71,66,60,Karim,"Generous, noble"
male,group B,some high school,standard,completed,63,67,67,Tariq,"Morning star, night visitor"
female,group C,bachelor's degree,free/reduced,completed,51,72,79,Samira,Entertaining companion
male,group E,high school,standard,none,84,73,69,Ibrahim,"Father of many nations, Prophet Abraham"
male,group C,bachelor's degree,standard,completed,71,74,68,Ehsan,"Excellence, kindness"
male,group C,associate's degree,standard,none,74,73,67,Farhan,"Happy, glad"
male,group D,some college,standard,none,68,59,62,Tariq,"Morning star, night visitor"
male,group E,high school,free/reduced,completed,57,56,54,Hamza,"Strong, steadfast, lion"
female,group C,associate's degree,free/reduced,completed,82,93,93,Inaya,"Concern, care, protection from God"
female,group D,high school,standard,completed,57,58,64,Alia,"Highest social standing, exalted"
female,group D,master's degree,free/reduced,completed,47,58,67,Mariam,"Mary, pious, beloved"
female,group A,some high school,standard,completed,59,85,80,Hadiya,"Guide to righteousness, gift"
male,group B,some college,free/reduced,none,41,39,34,Youssef,"Joseph, God increases in honor"
female,group C,some college,free/reduced,none,62,67,62,Inaya,"Concern, care, protection from God"
male,group C,bachelor's degree,standard,none,86,83,86,Danyal,"Known, famous, intellectually sharp"
male,group C,some high school,free/reduced,none,69,71,65,Rida,"Contentment, favored by God"
male,group A,some high school,free/reduced,none,65,59,53,Amal,"Hope, aspiration"
male,group C,some high school,free/reduced,none,68,63,54,Ibrahim,"Father of many nations, Prophet Abraham"
male,group C,associate's degree,free/reduced,none,64,66,59,Imran,"Prosperity, host"
female,group C,high school,standard,none,61,72,70,Nora,"Light, illumination"
male,group C,high school,standard,none,61,56,55,Danyal,"Known, famous, intellectually sharp"
female,group A,some high school,free/reduced,none,47,59,50,Huda,Right guidance
male,group C,some high school,standard,none,73,66,66,Ehsan,"Excellence, kindness"
male,group C,some college,free/reduced,completed,50,48,53,Arif,"Knowing, knowledgeable"
male,group D,associate's degree,standard,none,75,68,64,Zayd,"Growth, abundance"
male,group D,associate's degree,free/reduced,none,75,66,73,Faiz,"Victorious, successful"
male,group C,high school,standard,none,70,56,51,Rayan,"Luxuriant, gate of heaven"
male,group D,some high school,standard,completed,89,88,82,Karim,"Generous, noble"
female,group C,some college,standard,completed,67,81,79,Sofia,"Wisdom, beautiful"
female,group D,high school,standard,none,78,81,80,Alia,"Highest social standing, exalted"
female,group A,some high school,free/reduced,none,59,73,69,Sofia,"Wisdom, beautiful"
female,group B,associate's degree,standard,none,73,83,76,Maha,"Wild cow, rare jewel"
male,group A,some high school,free/reduced,none,79,82,73,Bilal,"Moisture, the Prophet's first muezzin"
female,group C,some high school,standard,completed,67,74,77,Nora,"Light, illumination"
male,group D,some college,free/reduced,none,69,66,60,Nasir,"Helper, protector"
male,group C,high school,standard,completed,86,81,80,Hamza,"Strong, steadfast, lion"
male,group B,high school,standard,none,47,46,42,Selim,"Safe, secure, flawless"
male,group B,associate's degree,standard,none,81,73,72,Ibrahim,"Father of many nations, Prophet Abraham"
female,group C,some college,free/reduced,completed,64,85,85,Alia,"Highest social standing, exalted"
female,group E,some college,standard,none,100,92,97,Amira,"Princess, leader"
female,group C,associate's degree,free/reduced,none,65,77,74,Hafsa,"Cub, young lioness"
male,group C,some college,free/reduced,none,65,58,49,Sami,"Hearing, elevated, sublime"
female,group C,associate's degree,free/reduced,none,53,61,62,Sofia,"Wisdom, beautiful"
male,group C,bachelor's degree,free/reduced,none,37,56,47,Rayan,"Luxuriant, gate of heaven"
female,group D,bachelor's degree,standard,none,79,89,89,Maya,"Princess, water"
male,group D,associate's degree,free/reduced,none,53,54,48,Jamil,"Beautiful, radiant"
female,group E,bachelor's degree,standard,none,100,100,100,Lina,"Tender, palm tree"
male,group B,high school,standard,completed,72,65,68,Danyal,"Known, famous, intellectually sharp"
male,group C,bachelor's degree,free/reduced,none,53,58,55,Amin,"Trustworthy, faithful"
male,group B,some college,free/reduced,none,54,54,45,Zayd,"Growth, abundance"
female,group E,some college,standard,none,71,70,76,Ayah,"Evidence, sign"
female,group C,some college,free/reduced,none,77,90,91,Jamila,"Beautiful, elegant"
male,group A,bachelor's degree,standard,completed,75,58,62,Malik,"King, master"
female,group C,some college,standard,none,84,87,91,Layla,"Night, dark beauty"
female,group D,associate's degree,free/reduced,none,26,31,38,Amira,"Princess, leader"
male,group A,high school,free/reduced,completed,72,67,65,Sami,"Hearing, elevated, sublime"
female,group A,high school,free/reduced,completed,77,88,85,Anisa,"Friendly, good companion"
male,group C,some college,standard,none,91,74,76,Sajid,One who prostrates in worship
female,group C,associate's degree,standard,completed,83,85,90,Aisha,"Alive, prosperous"
female,group C,high school,standard,none,63,69,74,Dalal,"Coquettishness, pampered"
female,group C,associate's degree,standard,completed,68,86,84,Iris,"Flower, messenger"
female,group D,some high school,standard,none,59,67,61,Nora,"Light, illumination"
female,group B,associate's degree,standard,completed,90,90,91,Iris,"Flower, messenger"
female,group D,bachelor's degree,standard,completed,71,76,83,Anisa,"Friendly, good companion"
male,group E,bachelor's degree,standard,completed,76,62,66,Malik,"King, master"
male,group D,associate's degree,standard,none,80,68,72,Danyal,"Known, famous, intellectually sharp"
female,group D,master's degree,standard,none,55,64,70,Nour,Divine light
male,group E,associate's degree,standard,none,76,71,67,Sajid,One who prostrates in worship
male,group B,high school,standard,completed,73,71,68,Youssef,"Joseph, God increases in honor"
female,group D,associate's degree,free/reduced,none,52,59,56,Nour,Divine light
male,group C,some college,free/reduced,none,68,68,61,Nael,"Achiever, winner"
male,group A,high school,standard,none,59,52,46,Nael,"Achiever, winner"
female,group B,associate's degree,standard,none,49,52,54,Naila,"Acquirer, achiever"
male,group C,high school,standard,none,70,74,71,Amir,"Prince, commander"
male,group D,some college,free/reduced,none,61,47,56,Rami,"Archer, marksman"
female,group C,associate's degree,free/reduced,none,60,75,74,Aya,"Sign, miracle, verse from the Quran"
male,group B,some high school,standard,completed,64,53,57,Sami,"Hearing, elevated, sublime"
male,group A,associate's degree,free/reduced,completed,79,82,82,Nour,Divine light
female,group A,associate's degree,free/reduced,none,65,85,76,Iris,"Flower, messenger"
female,group C,associate's degree,standard,none,64,64,70,Jamila,"Beautiful, elegant"
female,group C,some college,standard,none,83,83,90,Leen,"Softness, tenderness"
female,group C,bachelor's degree,standard,none,81,88,90,Yasmin,Jasmine flower
female,group B,high school,standard,none,54,64,68,Naila,"Acquirer, achiever"
male,group D,high school,standard,completed,68,64,66,Nael,"Achiever, winner"
female,group C,some college,standard,none,54,48,52,Sana,"Radiance, brilliance, mountaintop"
female,group D,some college,free/reduced,completed,59,78,76,Rida,"Contentment, favored by God"
female,group B,some high school,standard,none,66,69,68,Tasnim,Fountain in paradise
male,group E,some college,standard,none,76,71,72,Khalid,"Eternal, immortal"
female,group D,master's degree,standard,none,74,79,82,Reem,White gazelle
female,group B,associate's degree,standard,completed,94,87,92,Anisa,"Friendly, good companion"
male,group C,some college,free/reduced,none,63,61,54,Farhan,"Happy, glad"
female,group E,associate's degree,standard,completed,95,89,92,Jude,"Generosity, goodness"
female,group D,master's degree,free/reduced,none,40,59,54,Reem,White gazelle
female,group B,some high school,standard,none,82,82,80,Nora,"Light, illumination"
male,group A,high school,standard,none,68,70,66,Kamil,"Perfect, complete"
male,group B,bachelor's degree,free/reduced,none,55,59,54,Amal,"Hope, aspiration"
male,group C,master's degree,standard,none,79,78,77,Sami,"Hearing, elevated, sublime"
female,group C,bachelor's degree,standard,none,86,92,87,Rida,"Contentment, favored by God"
male,group D,some college,standard,none,76,71,73,Zain,"Beauty, grace"
male,group A,some high school,standard,none,64,50,43,Nour,Divine light
male,group D,some high school,free/reduced,none,62,49,52,Zain,"Beauty, grace"
female,group B,some high school,standard,completed,54,61,62,Asma,"High, exalted, lofty"
female,group B,master's degree,free/reduced,completed,77,97,94,Daniya,"Kind-hearted, close, near"
female,group C,some high school,standard,completed,76,87,85,Salma,"Safe, peaceful"
female,group D,some college,standard,none,74,89,84,Inaya,"Concern, care, protection from God"
female,group E,some college,standard,completed,66,74,73,Zara,"Radiance, blooming flower"
female,group D,some high school,standard,completed,66,78,78,Anisa,"Friendly, good companion"
female,group B,high school,free/reduced,completed,67,78,79,Jannah,"Heaven, paradise"
male,group D,some college,standard,none,71,49,52,Hamza,"Strong, steadfast, lion"
female,group C,associate's degree,standard,none,91,86,84,Nadia,"Hope, delicate"
male,group D,bachelor's degree,standard,none,69,58,57,Rida,"Contentment, favored by God"
male,group C,master's degree,free/reduced,none,54,59,50,Faiz,"Victorious, successful"
male,group C,high school,standard,completed,53,52,49,Nour,Divine light
male,group E,some college,standard,none,68,60,59,Ayan,"Gift of God, time, epoch"
male,group C,some high school,free/reduced,completed,56,61,60,Isa,"Jesus, God is salvation"
female,group C,high school,free/reduced,none,36,53,43,Maha,"Wild cow, rare jewel"
female,group D,bachelor's degree,free/reduced,none,29,41,47,Karima,"Generous, noble"
female,group C,associate's degree,standard,none,62,74,70,Jannah,"Heaven, paradise"
female,group C,associate's degree,standard,completed,68,67,73,Anisa,"Friendly, good companion"
female,group C,some high school,standard,none,47,54,53,Rida,"Contentment, favored by God"
male,group E,associate's degree,standard,completed,62,61,58,Zain,"Beauty, grace"
female,group E,associate's degree,standard,completed,79,88,94,Jannah,"Heaven, paradise"
male,group B,high school,standard,completed,73,69,68,Adam,"Earth, the first prophet"
female,group C,bachelor's degree,free/reduced,completed,66,83,83,Nadia,"Hope, delicate"
male,group C,associate's degree,standard,completed,51,60,58,Jude,"Generosity, goodness"
female,group D,high school,standard,none,51,66,62,Dalal,"Coquettishness, pampered"
male,group E,bachelor's degree,standard,completed,85,66,71,Danyal,"Known, famous, intellectually sharp"
male,group A,associate's degree,standard,completed,97,92,86,Idris,"Studious, Prophet Enoch"
male,group C,high school,standard,completed,75,69,68,Kamil,"Perfect, complete"
male,group D,associate's degree,free/reduced,completed,79,82,80,Danyal,"Known, famous, intellectually sharp"
female,group C,associate's degree,standard,none,81,77,79,Jude,"Generosity, goodness"
female,group D,associate's degree,standard,none,82,95,89,Nadia,"Hope, delicate"
female,group D,master's degree,standard,none,64,63,66,Amara,"Eternal beauty, urgent news"
male,group E,some high school,free/reduced,completed,78,83,80,Aziz,"Powerful, respected, beloved"
female,group A,some high school,standard,completed,92,100,97,Lina,"Tender, palm tree"
male,group C,high school,standard,completed,72,67,64,Amin,"Trustworthy, faithful"
female,group C,high school,free/reduced,none,62,67,64,Nour,Divine light
male,group C,master's degree,standard,none,79,72,69,Hadi,"Guide, leader"
male,group C,some high school,free/reduced,none,79,76,65,Yunus,"Jonah, dove"
male,group B,bachelor's degree,free/reduced,completed,87,90,88,Ayan,"Gift of God, time, epoch"
female,group B,associate's degree,standard,none,40,48,50,Nadia,"Hope, delicate"
male,group D,some college,free/reduced,none,77,62,64,Yunus,"Jonah, dove"
male,group E,associate's degree,standard,none,53,45,40,Sami,"Hearing, elevated, sublime"
female,group C,some college,free/reduced,none,32,39,33,Yasmin,Jasmine flower
female,group C,associate's degree,standard,completed,55,72,79,Yasmin,Jasmine flower
male,group C,master's degree,free/reduced,none,61,67,66,Mustafa,The chosen one
female,group B,associate's degree,free/reduced,none,53,70,70,Hadiya,"Guide to righteousness, gift"
male,group D,some high school,standard,none,73,66,62,Sami,"Hearing, elevated, sublime"
female,group D,some college,standard,completed,74,75,79,Lina,"Tender, palm tree"
female,group C,some college,standard,none,63,74,74,Sarah,"Princess, bringer of joy"
male,group C,bachelor's degree,standard,completed,96,90,92,Suhail,"Gentle, easy-going, Canopus star"
female,group D,some college,free/reduced,completed,63,80,80,Rania,"Queen, gazing intently"
male,group B,bachelor's degree,free/reduced,none,48,51,46,Luqman,"Wise, a prophet/sage in the Quran"
male,group B,associate's degree,standard,none,48,43,45,Amir,"Prince, commander"
female,group E,bachelor's degree,free/reduced,completed,92,100,100,Sana,"Radiance, brilliance, mountaintop"
female,group D,master's degree,free/reduced,completed,61,71,78,Samira,Entertaining companion
male,group B,high school,free/reduced,none,63,48,47,Hadi,"Guide, leader"
male,group D,bachelor's degree,free/reduced,none,68,68,67,Hassan,"Beautiful, handsome, doer of good"
male,group B,some college,standard,completed,71,75,70,Selim,"Safe, secure, flawless"
male,group A,bachelor's degree,standard,none,91,96,92,Nael,"Achiever, winner"
female,group C,some college,standard,none,53,62,56,Aisha,"Alive, prosperous"
female,group C,high school,free/reduced,completed,50,66,64,Hadiya,"Guide to righteousness, gift"
female,group E,high school,standard,none,74,81,71,Mariam,"Mary, pious, beloved"
male,group A,associate's degree,free/reduced,completed,40,55,53,Rida,"Contentment, favored by God"
male,group A,some college,standard,completed,61,51,52,Mustafa,The chosen one
female,group B,high school,standard,none,81,91,89,Amina,"Trustworthy, peaceful"
female,group B,some college,free/reduced,completed,48,56,58,Tasnim,Fountain in paradise
female,group D,master's degree,standard,none,53,61,68,Fatima,"Captivating, daughter of the Prophet"
female,group D,some high school,standard,none,81,97,96,Sana,"Radiance, brilliance, mountaintop"
female,group E,some high school,standard,none,77,79,80,Aya,"Sign, miracle, verse from the Quran"
female,group D,bachelor's degree,free/reduced,none,63,73,78,Salma,"Safe, peaceful"
female,group D,associate's degree,standard,completed,73,75,80,Sana,"Radiance, brilliance, mountaintop"
female,group D,some college,standard,none,69,77,77,Amal,"Hope, aspiration"
female,group C,associate's degree,standard,none,65,76,76,Alia,"Highest social standing, exalted"
female,group A,high school,standard,none,55,73,73,Inaya,"Concern, care, protection from God"
female,group C,bachelor's degree,free/reduced,none,44,63,62,Asma,"High, exalted, lofty"
female,group C,some college,standard,none,54,64,65,Sofia,"Wisdom, beautiful"
female,group A,some high school,standard,none,48,66,65,Hadiya,"Guide to righteousness, gift"
male,group C,some college,free/reduced,none,58,57,54,Arif,"Knowing, knowledgeable"
male,group A,some high school,standard,none,71,62,50,Arif,"Knowing, knowledgeable"
male,group E,bachelor's degree,standard,none,68,68,64,Karim,"Generous, noble"
female,group E,high school,standard,none,74,76,73,Amina,"Trustworthy, peaceful"
female,group C,bachelor's degree,standard,completed,92,100,99,Sana,"Radiance, brilliance, mountaintop"
female,group C,bachelor's degree,standard,completed,56,79,72,Alia,"Highest social standing, exalted"
male,group B,high school,free/reduced,none,30,24,15,Ibrahim,"Father of many nations, Prophet Abraham"
male,group A,some high school,standard,none,53,54,48,Aziz,"Powerful, respected, beloved"
female,group D,high school,standard,none,69,77,73,Alia,"Highest social standing, exalted"
female,group D,some high school,standard,none,65,82,81,Rania,"Queen, gazing intently"
female,group D,master's degree,standard,none,54,60,63,Asma,"High, exalted, lofty"
female,group C,high school,standard,none,29,29,30,Hana,"Happiness, bliss"
female,group E,some college,standard,none,76,78,80,Naila,"Acquirer, achiever"
male,group D,high school,free/reduced,none,60,57,51,Nour,Divine light
male,group D,master's degree,free/reduced,completed,84,89,90,Kamil,"Perfect, complete"
male,group C,some high school,standard,none,75,72,62,Hassan,"Beautiful, handsome, doer of good"
female,group C,associate's degree,standard,none,85,84,82,Layla,"Night, dark beauty"
female,group C,master's degree,free/reduced,none,40,58,54,Hadiya,"Guide to righteousness, gift"
female,group E,some college,standard,none,61,64,62,Jannah,"Heaven, paradise"
female,group B,associate's degree,standard,none,58,63,65,Maya,"Princess, water"
male,group D,some college,free/reduced,completed,69,60,63,Arif,"Knowing, knowledgeable"
female,group C,some college,standard,none,58,59,66,Safiya,"Pure, untroubled, chosen friend"
male,group C,bachelor's degree,standard,completed,94,90,91,Farhan,"Happy, glad"
female,group C,associate's degree,standard,none,65,77,74,Amara,"Eternal beauty, urgent news"
female,group A,associate's degree,standard,none,82,93,93,Nour,Divine light
female,group C,high school,standard,none,60,68,72,Maya,"Princess, water"
female,group E,bachelor's degree,standard,none,37,45,38,Sana,"Radiance, brilliance, mountaintop"
male,group D,bachelor's degree,standard,none,88,78,83,Mikael,Angel of mercy and rain
male,group D,master's degree,standard,none,95,81,84,Zain,"Beauty, grace"
male,group C,associate's degree,free/reduced,completed,65,73,68,Ehsan,"Excellence, kindness"
female,group C,high school,free/reduced,none,35,61,54,Jamila,"Beautiful, elegant"
male,group B,bachelor's degree,free/reduced,none,62,63,56,Hassan,"Beautiful, handsome, doer of good"
male,group C,high school,free/reduced,completed,58,51,52,Luqman,"Wise, a prophet/sage in the Quran"
male,group A,some college,standard,completed,100,96,86,Adam,"Earth, the first prophet"
female,group E,bachelor's degree,free/reduced,none,61,58,62,Rania,"Queen, gazing intently"
male,group D,some college,standard,completed,100,97,99,Nael,"Achiever, winner"
male,group B,associate's degree,free/reduced,completed,69,70,63,Hadi,"Guide, leader"
male,group D,associate's degree,standard,none,61,48,46,Khalid,"Eternal, immortal"
male,group D,some college,free/reduced,none,49,57,46,Tariq,"Morning star, night visitor"
female,group C,some high school,standard,completed,44,51,55,Amara,"Eternal beauty, urgent news"
male,group D,some college,standard,none,67,64,70,Isa,"Jesus, God is salvation"
male,group B,high school,standard,none,79,60,65,Tariq,"Morning star, night visitor"
female,group B,bachelor's degree,standard,completed,66,74,81,Leen,"Softness, tenderness"
female,group C,high school,standard,none,75,88,85,Jamila,"Beautiful, elegant"
male,group D,some high school,standard,none,84,84,80,Imran,"Prosperity, host"
male,group A,high school,standard,none,71,74,64,Nael,"Achiever, winner"
female,group B,high school,free/reduced,completed,67,80,81,Amani,"Wishes, aspirations"
female,group D,some high school,standard,completed,80,92,88,Aisha,"Alive, prosperous"
male,group E,some college,standard,none,86,76,74,Khalid,"Eternal, immortal"
female,group D,associate's degree,standard,none,76,74,73,Safiya,"Pure, untroubled, chosen friend"
male,group D,high school,standard,none,41,52,51,Ibrahim,"Father of many nations, Prophet Abraham"
female,group D,associate's degree,free/reduced,completed,74,88,90,Farah,"Joy, cheerfulness"
female,group B,some high school,free/reduced,none,72,81,79,Amira,"Princess, leader"
female,group E,high school,standard,completed,74,79,80,Salma,"Safe, peaceful"
male,group B,high school,standard,none,70,65,60,Jafar,"Stream, rivulet"
female,group B,bachelor's degree,standard,completed,65,81,81,Fatima,"Captivating, daughter of the Prophet"
female,group D,associate's degree,standard,none,59,70,65,Inaya,"Concern, care, protection from God"
female,group E,high school,free/reduced,none,64,62,68,Maya,"Princess, water"
female,group B,high school,standard,none,50,53,55,Sarah,"Princess, bringer of joy"
female,group D,some college,standard,completed,69,79,81,Sofia,"Wisdom, beautiful"
male,group C,some high school,free/reduced,completed,51,56,53,Jamil,"Beautiful, radiant"
female,group A,high school,standard,completed,68,80,76,Amal,"Hope, aspiration"
female,group D,some college,standard,completed,85,86,98,Amara,"Eternal beauty, urgent news"
female,group A,associate's degree,standard,completed,65,70,74,Ayla,"Moonlight, halo"
female,group B,some high school,standard,none,73,79,79,Yasmin,Jasmine flower
female,group B,some college,standard,none,62,67,67,Naila,"Acquirer, achiever"
male,group C,associate's degree,free/reduced,none,77,67,64,Yunus,"Jonah, dove"
male,group D,some high school,standard,none,69,66,61,Jafar,"Stream, rivulet"
female,group D,associate's degree,free/reduced,none,43,60,58,Sarah,"Princess, bringer of joy"
male,group D,associate's degree,standard,none,90,87,85,Rayan,"Luxuriant, gate of heaven"
male,group C,some college,free/reduced,none,74,77,73,Faris,"Knight, horseman"
male,group C,some high school,standard,none,73,66,63,Faiz,"Victorious, successful"
female,group D,some college,free/reduced,none,55,71,69,Sofia,"Wisdom, beautiful"
female,group C,high school,standard,none,65,69,67,Layla,"Night, dark beauty"
male,group D,associate's degree,standard,none,80,63,63,Tariq,"Morning star, night visitor"
female,group C,some high school,free/reduced,completed,50,60,60,Zara,"Radiance, blooming flower"
female,group C,some college,free/reduced,completed,63,73,71,Aya,"Sign, miracle, verse from the Quran"
female,group B,bachelor's degree,free/reduced,none,77,85,87,Ayla,"Moonlight, halo"
male,group C,some college,standard,none,73,74,61,Luqman,"Wise, a prophet/sage in the Quran"
male,group D,associate's degree,standard,completed,81,72,77,Yunus,"Jonah, dove"
female,group C,high school,free/reduced,none,66,76,68,Jamila,"Beautiful, elegant"
male,group D,associate's degree,free/reduced,none,52,57,50,Arif,"Knowing, knowledgeable"
female,group C,some college,standard,none,69,78,76,Hadiya,"Guide to righteousness, gift"
female,group C,associate's degree,standard,completed,65,84,84,Rida,"Contentment, favored by God"
female,group D,high school,standard,completed,69,77,78,Safiya,"Pure, untroubled, chosen friend"
female,group B,some college,standard,completed,50,64,66,Jamila,"Beautiful, elegant"
female,group E,some college,standard,completed,73,78,76,Naila,"Acquirer, achiever"
female,group C,some high school,standard,completed,70,82,76,Hana,"Happiness, bliss"
male,group D,associate's degree,free/reduced,none,81,75,78,Aziz,"Powerful, respected, beloved"
male,group D,some college,free/reduced,none,63,61,60,Mikael,Angel of mercy and rain
female,group D,high school,standard,none,67,72,74,Maha,"Wild cow, rare jewel"
male,group B,high school,standard,none,60,68,60,Omar,"Long-lived, flourishing"
male,group B,high school,standard,none,62,55,54,Khalid,"Eternal, immortal"
female,group C,some high school,free/reduced,completed,29,40,44,Yasmin,Jasmine flower
male,group B,some college,standard,completed,62,66,68,Ayan,"Gift of God, time, epoch"
female,group E,master's degree,standard,completed,94,99,100,Maya,"Princess, water"
male,group E,some college,standard,completed,85,75,68,Zain,"Beauty, grace"
male,group D,associate's degree,free/reduced,none,77,78,73,Arif,"Knowing, knowledgeable"
male,group A,high school,free/reduced,none,53,58,44,Sami,"Hearing, elevated, sublime"
male,group E,some college,free/reduced,none,93,90,83,Haroon,"Aaron, high mountain, protector"
female,group C,associate's degree,standard,none,49,53,53,Nora,"Light, illumination"
female,group E,associate's degree,free/reduced,none,73,76,78,Nour,Divine light
female,group C,bachelor's degree,free/reduced,completed,66,74,81,Layla,"Night, dark beauty"
female,group D,associate's degree,standard,none,77,77,73,Amal,"Hope, aspiration"
female,group C,some high school,standard,none,49,63,56,Mariam,"Mary, pious, beloved"
female,group D,some college,free/reduced,none,79,89,86,Amani,"Wishes, aspirations"
female,group C,associate's degree,standard,completed,75,82,90,Amina,"Trustworthy, peaceful"
female,group A,bachelor's degree,standard,none,59,72,70,Rida,"Contentment, favored by God"
female,group D,associate's degree,standard,completed,57,78,79,Jude,"Generosity, goodness"
male,group C,high school,free/reduced,none,66,66,59,Jamil,"Beautiful, radiant"
female,group E,bachelor's degree,standard,completed,79,81,82,Naila,"Acquirer, achiever"
female,group B,some high school,standard,none,57,67,72,Mariam,"Mary, pious, beloved"
male,group A,bachelor's degree,standard,completed,87,84,87,Farhan,"Happy, glad"
female,group D,some college,standard,none,63,64,67,Farah,"Joy, cheerfulness"
female,group B,some high school,free/reduced,completed,59,63,64,Fatima,"Captivating, daughter of the Prophet"
male,group A,bachelor's degree,free/reduced,none,62,72,65,Khalid,"Eternal, immortal"
male,group D,high school,standard,none,46,34,36,Ibrahim,"Father of many nations, Prophet Abraham"
male,group C,some college,standard,none,66,59,52,Yunus,"Jonah, dove"
male,group D,high school,standard,none,89,87,79,Rami,"Archer, marksman"
female,group D,associate's degree,free/reduced,completed,42,61,58,Rida,"Contentment, favored by God"
male,group C,some college,standard,completed,93,84,90,Farhan,"Happy, glad"
female,group E,some high school,standard,completed,80,85,85,Layla,"Night, dark beauty"
female,group D,some college,standard,none,98,100,99,Lina,"Tender, palm tree"
male,group D,master's degree,standard,none,81,81,84,Idris,"Studious, Prophet Enoch"
female,group B,some high school,standard,completed,60,70,74,Dalal,"Coquettishness, pampered"
female,group B,associate's degree,free/reduced,completed,76,94,87,Reem,White gazelle
male,group C,associate's degree,standard,completed,73,78,72,Zain,"Beauty, grace"
female,group C,associate's degree,standard,completed,96,96,99,Sana,"Radiance, brilliance, mountaintop"
female,group C,high school,standard,none,76,76,74,Amal,"Hope, aspiration"
male,group E,associate's degree,free/reduced,completed,91,73,80,Faris,"Knight, horseman"
female,group C,some college,free/reduced,none,62,72,70,Aisha,"Alive, prosperous"
male,group D,some high school,free/reduced,completed,55,59,59,Nasir,"Helper, protector"
female,group B,some high school,free/reduced,completed,74,90,88,Jude,"Generosity, goodness"
male,group C,high school,standard,none,50,48,42,Rida,"Contentment, favored by God"
male,group B,some college,standard,none,47,43,41,Ibrahim,"Father of many nations, Prophet Abraham"
male,group E,some college,standard,completed,81,74,71,Mikael,Angel of mercy and rain
female,group E,associate's degree,standard,completed,65,75,77,Farah,"Joy, cheerfulness"
male,group E,some high school,standard,completed,68,51,57,Rayan,"Luxuriant, gate of heaven"
female,group D,high school,free/reduced,none,73,92,84,Layla,"Night, dark beauty"
male,group C,some college,standard,none,53,39,37,Haroon,"Aaron, high mountain, protector"
female,group B,associate's degree,free/reduced,completed,68,77,80,Amira,"Princess, leader"
male,group A,some high school,free/reduced,none,55,46,43,Jamil,"Beautiful, radiant"
female,group C,some college,standard,completed,87,89,94,Naila,"Acquirer, achiever"
male,group D,some high school,standard,none,55,47,44,Zayd,"Growth, abundance"
female,group E,some college,free/reduced,none,53,58,57,Sarah,"Princess, bringer of joy"
male,group C,master's degree,standard,none,67,57,59,Aziz,"Powerful, respected, beloved"
male,group C,associate's degree,standard,none,92,79,84,Hadi,"Guide, leader"
female,group B,some college,free/reduced,completed,53,66,73,Daniya,"Kind-hearted, close, near"
male,group D,associate's degree,standard,none,81,71,73,Farhan,"Happy, glad"
male,group C,high school,free/reduced,none,61,60,55,Malik,"King, master"
male,group D,bachelor's degree,standard,none,80,73,72,Haroon,"Aaron, high mountain, protector"
female,group A,associate's degree,free/reduced,none,37,57,56,Sana,"Radiance, brilliance, mountaintop"
female,group C,high school,standard,none,81,84,82,Fatima,"Captivating, daughter of the Prophet"
female,group C,associate's degree,standard,completed,59,73,72,Safa,"Purity, clarity"
male,group B,some college,free/reduced,none,55,55,47,Nour,Divine light
male,group D,associate's degree,standard,none,72,79,74,Jamil,"Beautiful, radiant"
male,group D,high school,standard,none,69,75,71,Aziz,"Powerful, respected, beloved"
male,group C,some college,standard,none,69,64,68,Sami,"Hearing, elevated, sublime"
female,group C,bachelor's degree,free/reduced,none,50,60,59,Jannah,"Heaven, paradise"
male,group B,some college,standard,completed,87,84,86,Ehsan,"Excellence, kindness"
male,group D,some high school,standard,completed,71,69,68,Mustafa,The chosen one
male,group E,some college,standard,none,68,72,65,Youssef,"Joseph, God increases in honor"
male,group C,master's degree,free/reduced,completed,79,77,75,Hadi,"Guide, leader"
female,group C,some high school,standard,completed,77,90,85,Salma,"Safe, peaceful"
male,group C,associate's degree,free/reduced,none,58,55,53,Malik,"King, master"
female,group E,associate's degree,standard,none,84,95,92,Samira,Entertaining companion
male,group D,some college,standard,none,55,58,52,Haroon,"Aaron, high mountain, protector"
male,group E,bachelor's degree,free/reduced,completed,70,68,72,Hadi,"Guide, leader"
female,group D,some college,free/reduced,completed,52,59,65,Zara,"Radiance, blooming flower"
male,group B,some college,standard,completed,69,77,77,Ibrahim,"Father of many nations, Prophet Abraham"
female,group C,high school,free/reduced,none,53,72,64,Samira,Entertaining companion
female,group D,some high school,standard,none,48,58,54,Ayah,"Evidence, sign"
male,group D,some high school,standard,completed,78,81,86,Omar,"Long-lived, flourishing"
female,group B,high school,standard,none,62,62,63,Hafsa,"Cub, young lioness"
male,group D,some college,standard,none,60,63,59,Zain,"Beauty, grace"
female,group B,high school,standard,none,74,72,72,Maha,"Wild cow, rare jewel"
female,group C,high school,standard,completed,58,75,77,Iris,"Flower, messenger"
male,group B,high school,standard,completed,76,62,60,Ehsan,"Excellence, kindness"
female,group D,some high school,standard,none,68,71,75,Huda,Right guidance
male,group A,some college,free/reduced,none,58,60,57,Faris,"Knight, horseman"
male,group B,high school,standard,none,52,48,49,Nael,"Achiever, winner"
male,group D,bachelor's degree,standard,none,75,73,74,Arif,"Knowing, knowledgeable"
female,group B,some high school,free/reduced,completed,52,67,72,Maha,"Wild cow, rare jewel"
female,group C,bachelor's degree,free/reduced,none,62,78,79,Ayla,"Moonlight, halo"
male,group B,some college,standard,none,66,65,60,Rami,"Archer, marksman"
female,group B,some high school,free/reduced,none,49,58,55,Samira,Entertaining companion
female,group B,high school,standard,none,66,72,70,Safiya,"Pure, untroubled, chosen friend"
female,group C,some college,free/reduced,none,35,44,43,Mariam,"Mary, pious, beloved"
female,group A,some college,standard,completed,72,79,82,Nadia,"Hope, delicate"
male,group E,associate's degree,standard,completed,94,85,82,Jamil,"Beautiful, radiant"
female,group D,associate's degree,free/reduced,none,46,56,57,Anisa,"Friendly, good companion"
female,group B,master's degree,standard,none,77,90,84,Alia,"Highest social standing, exalted"
female,group B,high school,free/reduced,completed,76,85,82,Hana,"Happiness, bliss"
female,group C,associate's degree,standard,completed,52,59,62,Aya,"Sign, miracle, verse from the Quran"
male,group C,bachelor's degree,standard,completed,91,81,79,Faiz,"Victorious, successful"
female,group B,some high school,standard,completed,32,51,44,Basma,A smile
female,group E,some high school,free/reduced,none,72,79,77,Amira,"Princess, leader"
female,group B,some college,standard,none,19,38,32,Khadija,"Trustworthy, first wife of the Prophet"
male,group C,associate's degree,free/reduced,none,68,65,61,Bilal,"Moisture, the Prophet's first muezzin"
female,group C,master's degree,free/reduced,none,52,65,61,Salma,"Safe, peaceful"
female,group B,high school,standard,none,48,62,60,Daniya,"Kind-hearted, close, near"
female,group D,some college,free/reduced,none,60,66,70,Rida,"Contentment, favored by God"
male,group D,high school,free/reduced,none,66,74,69,Nael,"Achiever, winner"
male,group E,some high school,standard,completed,89,84,77,Sajid,One who prostrates in worship
female,group B,high school,standard,none,42,52,51,Ayah,"Evidence, sign"
female,group E,associate's degree,free/reduced,completed,57,68,73,Iris,"Flower, messenger"
male,group D,high school,standard,none,70,70,70,Hassan,"Beautiful, handsome, doer of good"
female,group E,associate's degree,free/reduced,none,70,84,81,Maha,"Wild cow, rare jewel"
male,group E,some college,standard,none,69,60,54,Rami,"Archer, marksman"
female,group C,associate's degree,standard,none,52,55,57,Karima,"Generous, noble"
male,group C,some high school,standard,completed,67,73,68,Hassan,"Beautiful, handsome, doer of good"
male,group C,some high school,standard,completed,76,80,73,Anas,"Friendliness, affection"
female,group E,associate's degree,standard,none,87,94,95,Karima,"Generous, noble"
female,group B,some college,standard,none,82,85,87,Daniya,"Kind-hearted, close, near"
female,group C,some college,standard,none,73,76,78,Maha,"Wild cow, rare jewel"
male,group A,some college,free/reduced,none,75,81,74,Zain,"Beauty, grace"
female,group D,some college,free/reduced,none,64,74,75,Sarah,"Princess, bringer of joy"
female,group E,high school,free/reduced,none,41,45,40,Naila,"Acquirer, achiever"
male,group C,high school,standard,none,90,75,69,Mikael,Angel of mercy and rain
male,group B,bachelor's degree,standard,none,59,54,51,Tariq,"Morning star, night visitor"
male,group A,some high school,standard,none,51,31,36,Rami,"Archer, marksman"
male,group A,high school,free/reduced,none,45,47,49,Idris,"Studious, Prophet Enoch"
female,group C,master's degree,standard,completed,54,64,67,Amira,"Princess, leader"
male,group E,some high school,standard,completed,87,84,76,Selim,"Safe, secure, flawless"
female,group C,high school,standard,none,72,80,83,Tasnim,Fountain in paradise
male,group B,some high school,standard,completed,94,86,87,Kamil,"Perfect, complete"
female,group A,bachelor's degree,standard,none,45,59,64,Hafsa,"Cub, young lioness"
male,group D,bachelor's degree,free/reduced,completed,61,70,76,Bilal,"Moisture, the Prophet's first muezzin"
female,group B,high school,free/reduced,none,60,72,68,Jamila,"Beautiful, elegant"
female,group C,some high school,standard,none,77,91,88,Hafsa,"Cub, young lioness"
female,group A,some high school,standard,completed,85,90,92,Sofia,"Wisdom, beautiful"
female,group D,bachelor's degree,free/reduced,none,78,90,93,Lina,"Tender, palm tree"
male,group E,some college,free/reduced,completed,49,52,51,Omar,"Long-lived, flourishing"
female,group B,high school,free/reduced,none,71,87,82,Hafsa,"Cub, young lioness"
female,group C,some high school,free/reduced,none,48,58,52,Hala,"Aura, halo around the moon"
male,group C,high school,standard,none,62,67,58,Mustafa,The chosen one
female,group C,associate's degree,free/reduced,completed,56,68,70,Yasmin,Jasmine flower
female,group C,some high school,standard,none,65,69,76,Amira,"Princess, leader"
female,group D,some high school,free/reduced,completed,69,86,81,Daniya,"Kind-hearted, close, near"
male,group B,some high school,standard,none,68,54,53,Idris,"Studious, Prophet Enoch"
female,group A,some college,free/reduced,none,61,60,57,Jude,"Generosity, goodness"
female,group C,bachelor's degree,free/reduced,completed,74,86,89,Fatima,"Captivating, daughter of the Prophet"
male,group A,bachelor's degree,standard,none,64,60,58,Habib,"Beloved, dear friend"
female,group B,high school,standard,completed,77,82,89,Hafsa,"Cub, young lioness"
male,group B,some college,standard,none,58,50,45,Zayd,"Growth, abundance"
female,group C,high school,standard,completed,60,64,74,Farah,"Joy, cheerfulness"
male,group E,high school,standard,none,73,64,57,Idris,"Studious, Prophet Enoch"
female,group A,high school,standard,completed,75,82,79,Dalal,"Coquettishness, pampered"
male,group B,associate's degree,free/reduced,completed,58,57,53,Haroon,"Aaron, high mountain, protector"
female,group C,associate's degree,standard,none,66,77,73,Yasmin,Jasmine flower
female,group D,high school,free/reduced,none,39,52,46,Hafsa,"Cub, young lioness"
male,group C,some high school,standard,none,64,58,51,Kamil,"Perfect, complete"
female,group B,high school,free/reduced,completed,23,44,36,Nour,Divine light
male,group B,some college,free/reduced,completed,74,77,76,Khalid,"Eternal, immortal"
female,group D,some high school,free/reduced,completed,40,65,64,Khadija,"Trustworthy, first wife of the Prophet"
male,group E,master's degree,standard,none,90,85,84,Hadi,"Guide, leader"
male,group C,master's degree,standard,completed,91,85,85,Amin,"Trustworthy, faithful"
male,group D,high school,standard,none,64,54,50,Sajid,One who prostrates in worship
female,group C,high school,standard,none,59,72,68,Amani,"Wishes, aspirations"
male,group D,associate's degree,standard,none,80,75,69,Jafar,"Stream, rivulet"
male,group C,master's degree,standard,none,71,67,67,Bilal,"Moisture, the Prophet's first muezzin"
female,group A,high school,standard,none,61,68,63,Nour,Divine light
female,group E,some college,standard,none,87,85,93,Layla,"Night, dark beauty"
male,group E,some high school,standard,none,82,67,61,Luqman,"Wise, a prophet/sage in the Quran"
male,group C,some high school,standard,none,62,64,55,Ibrahim,"Father of many nations, Prophet Abraham"
female,group B,bachelor's degree,standard,none,97,97,96,Sofia,"Wisdom, beautiful"
male,group B,some college,free/reduced,none,75,68,65,Amin,"Trustworthy, faithful"
female,group C,bachelor's degree,standard,none,65,79,81,Nadia,"Hope, delicate"
male,group B,high school,standard,completed,52,49,46,Danyal,"Known, famous, intellectually sharp"
male,group C,associate's degree,free/reduced,none,87,73,72,Mustafa,The chosen one
female,group C,associate's degree,standard,none,53,62,53,Reem,White gazelle
female,group E,master's degree,free/reduced,none,81,86,87,Zara,"Radiance, blooming flower"
male,group D,bachelor's degree,free/reduced,completed,39,42,38,Haroon,"Aaron, high mountain, protector"
female,group C,some college,standard,completed,71,71,80,Aya,"Sign, miracle, verse from the Quran"
male,group C,associate's degree,standard,none,97,93,91,Jude,"Generosity, goodness"
male,group D,some college,standard,completed,82,82,88,Luqman,"Wise, a prophet/sage in the Quran"
male,group C,high school,free/reduced,none,59,53,52,Tariq,"Morning star, night visitor"
male,group B,associate's degree,standard,none,61,42,41,Khalid,"Eternal, immortal"
male,group E,associate's degree,free/reduced,completed,78,74,72,Isa,"Jesus, God is salvation"
male,group C,associate's degree,free/reduced,none,49,51,51,Hamza,"Strong, steadfast, lion"
male,group B,high school,standard,none,59,58,47,Ayan,"Gift of God, time, epoch"
female,group C,some college,standard,completed,70,72,76,Salma,"Safe, peaceful"
male,group B,associate's degree,standard,completed,82,84,78,Mikael,Angel of mercy and rain
male,group E,associate's degree,free/reduced,none,90,90,82,Ali,"High, exalted"
female,group C,bachelor's degree,free/reduced,none,43,62,61,Mariam,"Mary, pious, beloved"
male,group C,some college,free/reduced,none,80,64,66,Imran,"Prosperity, host"
male,group D,some college,standard,none,81,82,84,Hamza,"Strong, steadfast, lion"
male,group C,some high school,standard,none,57,61,54,Rami,"Archer, marksman"
female,group D,some high school,standard,none,59,72,80,Nadia,"Hope, delicate"
female,group D,associate's degree,standard,none,64,76,74,Basma,A smile
male,group C,bachelor's degree,standard,completed,63,64,66,Luqman,"Wise, a prophet/sage in the Quran"
female,group E,bachelor's degree,standard,completed,71,70,70,Tasnim,Fountain in paradise
female,group B,high school,free/reduced,none,64,73,71,Rida,"Contentment, favored by God"
male,group D,bachelor's degree,free/reduced,none,55,46,44,Amin,"Trustworthy, faithful"
female,group E,associate's degree,standard,none,51,51,54,Ayah,"Evidence, sign"
female,group C,associate's degree,standard,completed,62,76,80,Iris,"Flower, messenger"
female,group E,associate's degree,standard,completed,93,100,95,Naila,"Acquirer, achiever"
male,group C,high school,free/reduced,none,54,72,59,Idris,"Studious, Prophet Enoch"
female,group D,some college,free/reduced,none,69,65,74,Amani,"Wishes, aspirations"
male,group D,high school,free/reduced,none,44,51,48,Suhail,"Gentle, easy-going, Canopus star"
female,group E,some college,standard,completed,86,85,91,Anisa,"Friendly, good companion"
female,group E,associate's degree,standard,none,85,92,85,Sana,"Radiance, brilliance, mountaintop"
female,group A,master's degree,free/reduced,none,50,67,73,Amani,"Wishes, aspirations"
male,group D,some high school,standard,completed,88,74,75,Bilal,"Moisture, the Prophet's first muezzin"
female,group E,associate's degree,standard,none,59,62,69,Hafsa,"Cub, young lioness"
female,group E,some high school,free/reduced,none,32,34,38,Aisha,"Alive, prosperous"
male,group B,high school,free/reduced,none,36,29,27,Jamil,"Beautiful, radiant"
female,group B,some high school,free/reduced,completed,63,78,79,Nora,"Light, illumination"
male,group D,associate's degree,standard,completed,67,54,63,Youssef,"Joseph, God increases in honor"
female,group D,some high school,standard,completed,65,78,82,Ayla,"Moonlight, halo"
male,group D,master's degree,standard,none,85,84,89,Jude,"Generosity, goodness"
female,group C,master's degree,standard,none,73,78,74,Salma,"Safe, peaceful"
female,group A,high school,free/reduced,completed,34,48,41,Huda,Right guidance
female,group D,bachelor's degree,free/reduced,completed,93,100,100,Amina,"Trustworthy, peaceful"
female,group D,some high school,free/reduced,none,67,84,84,Aisha,"Alive, prosperous"
male,group D,some college,standard,none,88,77,77,Kamil,"Perfect, complete"
male,group B,high school,standard,none,57,48,51,Zayd,"Growth, abundance"
female,group D,some college,standard,completed,79,84,91,Lina,"Tender, palm tree"
female,group C,bachelor's degree,free/reduced,none,67,75,72,Layla,"Night, dark beauty"
male,group E,bachelor's degree,standard,completed,70,64,70,Sajid,One who prostrates in worship
male,group D,bachelor's degree,free/reduced,none,50,42,48,Danyal,"Known, famous, intellectually sharp"
female,group A,some college,standard,none,69,84,82,Dalal,"Coquettishness, pampered"
female,group C,bachelor's degree,standard,completed,52,61,66,Nora,"Light, illumination"
female,group C,bachelor's degree,free/reduced,completed,47,62,66,Khadija,"Trustworthy, first wife of the Prophet"
female,group B,associate's degree,free/reduced,none,46,61,55,Lina,"Tender, palm tree"
female,group E,some college,standard,none,68,70,66,Aisha,"Alive, prosperous"
male,group E,bachelor's degree,standard,completed,100,100,100,Karim,"Generous, noble"
female,group C,high school,standard,none,44,61,52,Inaya,"Concern, care, protection from God"
female,group C,associate's degree,standard,completed,57,77,80,Layla,"Night, dark beauty"
male,group B,some college,standard,completed,91,96,91,Bilal,"Moisture, the Prophet's first muezzin"
male,group D,high school,free/reduced,none,69,70,67,Mikael,Angel of mercy and rain
female,group C,high school,free/reduced,none,35,53,46,Jude,"Generosity, goodness"
male,group D,high school,standard,none,72,66,66,Haroon,"Aaron, high mountain, protector"
female,group B,associate's degree,free/reduced,none,54,65,65,Hala,"Aura, halo around the moon"
male,group D,high school,free/reduced,none,74,70,69,Danyal,"Known, famous, intellectually sharp"
male,group E,some high school,standard,completed,74,64,60,Adam,"Earth, the first prophet"
male,group E,associate's degree,free/reduced,none,64,56,52,Hadi,"Guide, leader"
female,group D,high school,free/reduced,completed,65,61,71,Sofia,"Wisdom, beautiful"
male,group E,associate's degree,free/reduced,completed,46,43,44,Jude,"Generosity, goodness"
female,group C,some high school,free/reduced,none,48,56,51,Sana,"Radiance, brilliance, mountaintop"
male,group C,some college,free/reduced,completed,67,74,70,Ibrahim,"Father of many nations, Prophet Abraham"
male,group D,some college,free/reduced,none,62,57,62,Selim,"Safe, secure, flawless"
male,group D,associate's degree,free/reduced,completed,61,71,73,Youssef,"Joseph, God increases in honor"
male,group C,bachelor's degree,free/reduced,completed,70,75,74,Rida,"Contentment, favored by God"
male,group C,associate's degree,standard,completed,98,87,90,Sami,"Hearing, elevated, sublime"
male,group D,some college,free/reduced,none,70,63,58,Anas,"Friendliness, affection"
male,group A,associate's degree,standard,none,67,57,53,Faris,"Knight, horseman"
female,group E,high school,free/reduced,none,57,58,57,Huda,Right guidance
male,group D,some college,standard,completed,85,81,85,Suhail,"Gentle, easy-going, Canopus star"
male,group D,some high school,standard,completed,77,68,69,Jude,"Generosity, goodness"
male,group C,master's degree,free/reduced,completed,72,66,72,Shadi,"Singer, seeker of knowledge"
female,group D,master's degree,standard,none,78,91,96,Lina,"Tender, palm tree"
male,group C,high school,standard,none,81,66,64,Yunus,"Jonah, dove"
male,group A,some high school,free/reduced,completed,61,62,61,Luqman,"Wise, a prophet/sage in the Quran"
female,group B,high school,standard,none,58,68,61,Inaya,"Concern, care, protection from God"
female,group C,associate's degree,standard,none,54,61,58,Jamila,"Beautiful, elegant"
male,group B,high school,standard,none,82,82,80,Yunus,"Jonah, dove"
female,group D,some college,free/reduced,none,49,58,60,Khadija,"Trustworthy, first wife of the Prophet"
male,group B,some high school,free/reduced,completed,49,50,52,Rayan,"Luxuriant, gate of heaven"
female,group E,high school,free/reduced,completed,57,75,73,Yasmin,Jasmine flower
male,group E,high school,standard,none,94,73,71,Rida,"Contentment, favored by God"
female,group D,some college,standard,completed,75,77,83,Anisa,"Friendly, good companion"
female,group E,some high school,free/reduced,none,74,74,72,Jannah,"Heaven, paradise"
male,group C,high school,standard,completed,58,52,54,Idris,"Studious, Prophet Enoch"
female,group C,some college,standard,none,62,69,69,Lina,"Tender, palm tree"
male,group E,associate's degree,standard,none,72,57,62,Amin,"Trustworthy, faithful"
male,group C,some college,standard,none,84,87,81,Aziz,"Powerful, respected, beloved"
female,group D,master's degree,standard,none,92,100,100,Anisa,"Friendly, good companion"
female,group D,high school,standard,none,45,63,59,Anisa,"Friendly, good companion"
male,group C,high school,standard,none,75,81,71,Idris,"Studious, Prophet Enoch"
female,group A,some college,standard,none,56,58,64,Inaya,"Concern, care, protection from God"
female,group D,some high school,free/reduced,none,48,54,53,Aya,"Sign, miracle, verse from the Quran"
female,group E,associate's degree,standard,none,100,100,100,Aisha,"Alive, prosperous"
female,group C,some high school,free/reduced,completed,65,76,75,Hafsa,"Cub, young lioness"
male,group D,some college,standard,none,72,57,58,Hassan,"Beautiful, handsome, doer of good"
female,group D,some college,standard,none,62,70,72,Khadija,"Trustworthy, first wife of the Prophet"
male,group A,some high school,standard,completed,66,68,64,Zain,"Beauty, grace"
male,group C,some college,standard,none,63,63,60,Amin,"Trustworthy, faithful"
female,group E,associate's degree,standard,none,68,76,67,Safiya,"Pure, untroubled, chosen friend"
female,group B,bachelor's degree,standard,none,75,84,80,Safiya,"Pure, untroubled, chosen friend"
female,group D,bachelor's degree,standard,none,89,100,100,Amara,"Eternal beauty, urgent news"
male,group C,some high school,standard,completed,78,72,69,Ali,"High, exalted"
female,group A,high school,free/reduced,completed,53,50,60,Inaya,"Concern, care, protection from God"
female,group D,some college,free/reduced,none,49,65,61,Basma,A smile
female,group A,some college,standard,none,54,63,67,Tasnim,Fountain in paradise
female,group C,some college,standard,completed,64,82,77,Amani,"Wishes, aspirations"
male,group B,some college,free/reduced,completed,60,62,60,Nour,Divine light
male,group C,associate's degree,standard,none,62,65,58,Haroon,"Aaron, high mountain, protector"
male,group D,high school,standard,completed,55,41,48,Adam,"Earth, the first prophet"
female,group C,associate's degree,standard,none,91,95,94,Hala,"Aura, halo around the moon"
female,group B,high school,free/reduced,none,8,24,23,Safiya,"Pure, untroubled, chosen friend"
male,group D,some high school,standard,none,81,78,78,Zain,"Beauty, grace"
male,group B,some high school,standard,completed,79,85,86,Ehsan,"Excellence, kindness"
female,group A,some college,standard,completed,78,87,91,Samira,Entertaining companion
female,group C,some high school,standard,none,74,75,82,Mariam,"Mary, pious, beloved"
male,group A,high school,standard,none,57,51,54,Aziz,"Powerful, respected, beloved"
female,group C,associate's degree,standard,none,40,59,51,Rania,"Queen, gazing intently"
male,group E,some high school,standard,completed,81,75,76,Faris,"Knight, horseman"
female,group A,some high school,free/reduced,none,44,45,45,Khadija,"Trustworthy, first wife of the Prophet"
female,group D,some college,free/reduced,completed,67,86,83,Sana,"Radiance, brilliance, mountaintop"
male,group E,high school,free/reduced,completed,86,81,75,Khalid,"Eternal, immortal"
female,group B,some high school,standard,completed,65,82,78,Amina,"Trustworthy, peaceful"
female,group D,associate's degree,free/reduced,none,55,76,76,Jamila,"Beautiful, elegant"
female,group D,bachelor's degree,free/reduced,none,62,72,74,Iris,"Flower, messenger"
male,group A,high school,standard,none,63,63,62,Tariq,"Morning star, night visitor"
female,group E,master's degree,standard,completed,88,99,95,Layla,"Night, dark beauty"
male,group C,high school,free/reduced,none,62,55,55,Luqman,"Wise, a prophet/sage in the Quran"
female,group C,high school,free/reduced,completed,59,71,65,Ayla,"Moonlight, halo"
female,group D,some college,standard,completed,68,78,77,Huda,Right guidance
female,group D,some college,free/reduced,none,77,86,86,Nora,"Light, illumination"
